Female_genotype,Female_group,Male_genotype,Male_id,Plug_date,Ear_mark,Collected,Age,WT_embryos,Green_embryos,Total_embryos,Reabsorbed_embryos,Note
WT,WT female group 1,XgYRIII,259669 or 261839,Oct-14,L,NA,NA,NA,NA,NA,NA,
WT,WT female group 1,XgYRIII,259669 or 261839,Oct-14,L,Oct-24,10.5,8,9,17,0,
WT,WT female group 1,XgYRIII,262475 or 263453,Oct-15,R,Oct-30,15.5,6,7,13,0,
WT,WT female group 1,XgYRIII,262475 or 263453,Oct-15,R,NA,NA,NA,NA,NA,NA,
WT,WT female group 1,XgYRIII,260313,Oct-16,LL,Oct-30,14.5,9,5,14,0,
WT,WT female group 1,XgYRIII,263451,NA,NA,NA,NA,NA,NA,NA,NA,
WT,WT female group 1,XgYRIII,263452,NA,NA,NA,NA,NA,NA,NA,NA,
Yqdel,Yqdel female group 1,XgYRIII,262475,Oct-18,BL,Oct-30,12.5,8,2,10,2,
Yqdel,Yqdel female group 1,XgYRIII,259669 or 261839,Oct-20,BR,Oct-31,11.5,7,6,13,1,
Yqdel,Yqdel female group 1,XgYRIII,259669 or 261839,Oct-20,TR,Oct-31,11.5,5,9,14,0,
Yqdel,Yqdel female group 1,XgYRIII,260313 or 263453,Oct-21,TL,Nov-06,16.5,1,1,2,7,
Yqdel,Yqdel female group 1,XgYRIII,260313 or 263453,Oct-21,LL,Nov-06,16.5,8,7,15,1,
Yqdel,Yqdel female group 1,XgYRIII,263451,NA,NA,Nov-06,16.5,4,5,9,0,Estimated age
Yqdel,Yqdel female group 1,XgYRIII,263452,NA,NA,NA,NA,NA,NA,NA,NA,
Yqdel,Yqdel female group 2,XgYRIII,260313 or 263451,Oct-26,TL,Nov-06,11.5,8,9,17,0,
Yqdel,Yqdel female group 2,XgYRIII,260313 or 263451,Oct-26,LL,Nov-06,11.5,7,6,13,1,
Yqdel,Yqdel female group 2,XgYRIII,261839 or 262475,Oct-27,BR,Nov-06,10.5,5,7,12,4,
Yqdel,Yqdel female group 2,XgYRIII,261839 or 262475,Oct-27,BL,Nov-06,10.5,7,8,15,1,
Yqdel,Yqdel female group 2,XgYRIII,259669,Oct-28,TR,Nov-21,24.5,5,5,10,0,Embryos not checked - pups checked after birth
Yqdel,Yqdel female group 2,XgYRIII,263452,NA,NA,Nov-06,11.5,9,4,13,1,Estimated age
WT,WT female group 2,XgYRIII,263451,Nov-01,NA,Nov-14,13.5,12,2,14,0,
WT,WT female group 2,XgYRIII,259669/260313/262475/263452,Nov-03,TL,Nov-14,11.5,5,10,15,0,
WT,WT female group 2,XgYRIII,259669/260313/262475/263453,Nov-03,TL,Nov-14,11.5,6,7,13,1,
WT,WT female group 2,XgYRIII,259669/260313/262475/263454,Nov-03,TL,Nov-14,11.5,7,4,11,1,
WT,WT female group 2,XgYRIII,259669/260313/262475/263455,Nov-03,TL,Nov-14,11.5,10,4,14,0,
WT,WT female group 2,XgYRIII,261839,NA,TR,NA,NA,NA,NA,NA,NA,
WT,WT female group 1,XgYRIIIqdel,273796,Feb-24,TL,Mar-12,16.5,5,5,10,0,
WT,WT female group 1,XgYRIIIqdel,273794,Feb-25,TR,Mar-12,15.5,1,13,14,1,
WT,WT female group 1,XgYRIIIqdel,271217,Feb-25,BL,Mar-12,15.5,6,4,10,0,
WT,WT female group 1,XgYRIIIqdel,269410,Feb-26,BR,Mar-12,14.5,4,3,7,2,
WT,WT female group 1,XgYRIIIqdel,269409,Feb-26,TLTR,Mar-12,14.5,5,7,12,2,
WT,WT female group 1,XgYRIIIqdel,269462,Feb-27,NA,Mar-12,13.5,7,5,12,2,
WT,WT female group 1,XgYRIIIqdel,273795,NA,BLBR,Mar-12,NA,NA,NA,NA,NA,
Yqdel,Yqdel female group 1,XgYRIIIqdel,269409,Mar-03,TL,Mar-18,15.5,8,4,12,0,
Yqdel,Yqdel female group 1,XgYRIIIqdel,271217,Mar-03,TR,Mar-18,15.5,8,4,12,2,
Yqdel,Yqdel female group 1,XgYRIIIqdel,269410,Mar-04,BL,Mar-18,14.5,1,13,14,1,
Yqdel,Yqdel female group 1,XgYRIIIqdel,273795,Mar-05,BR,Mar-18,13.5,6,8,14,1,
Yqdel,Yqdel female group 1,XgYRIIIqdel,273794,Mar-08,NA,Mar-20,12.5,4,12,16,0,
Yqdel,Yqdel female group 1,XgYRIIIqdel,269462,Mar-03,TL,Mar-18,15.5,4,1,5,1,
Yqdel,Yqdel female group 1,XgYRIIIqdel,273796,Mar-06,TR,Mar-18,12.5,5,6,11,2,
Yqdel,Yqdel female group 2,XgYRIIIqdel,273794,Mar-10,BL,Mar-24,14.5,7,8,15,0,
Yqdel,Yqdel female group 2,XgYRIIIqdel,269410,Mar-10,BR,Mar-24,14.5,0,13,13,0,
Yqdel,Yqdel female group 2,XgYRIIIqdel,273795,Mar-10,LL,Mar-24,14.5,11,5,16,0,
Yqdel,Yqdel female group 2,XgYRIIIqdel,269409,Mar-11,NA,Mar-24,13.5,10,5,15,0,
Yqdel,Yqdel female group 2,XgYRIIIqdel,269462,Mar-12,TL,Mar-24,12.5,1,3,4,0,
Yqdel,Yqdel female group 2,XgYRIIIqdel,271217,Mar-12,TR,Mar-24,12.5,7,5,12,0,
Yqdel,Yqdel female group 2,XgYRIIIqdel,273796,NA,BL,Mar-24,NA,NA,NA,NA,NA,
WT,WT female group 2,XgYRIIIqdel,273796,Mar-17,TR,Mar-31,14.5,1,7,8,0,
WT,WT female group 2,XgYRIIIqdel,271217,Mar-18,TL,Mar-31,13.5,6,10,16,0,
WT,WT female group 2,XgYRIIIqdel,273794,Mar-19,BL,Mar-31,12.5,4,10,14,1,
WT,WT female group 2,XgYRIIIqdel,273795,Mar-20,BL,Mar-31,11.5,7,6,13,1,
WT,WT female group 2,XgYRIIIqdel,269462,Mar-20,TLTR,Mar-31,11.5,0,4,4,0,
WT,WT female group 2,XgYRIIIqdel,269409 or 269410,NA,NA,Mar-31,14.5,8,3,11,0,Estimated age
WT,WT female group 2,XgYRIIIqdel,269409 or 269410,NA,NA,Mar-31,14.5,6,6,12,1,Estimated age
